{
  "total_playtime": 0.0,
  "total_deaths": 11,
  "total_levels_completed": 4,
  "levels_completed": [
    1,
    2,
    3,
    4
  ],
  "level_best_times": {
    "1": 6.253328323364258,
    "2": 6.152877569198608,
    "3": 17.071651935577393,
    "4": 15.874530553817749
  },
  "level_best_stars": {
    "1": 3,
    "2": 3,
    "3": 3,
    "4": 3
  },
  "no_damage_levels": [
    1,
    2,
    3,
    4
  ],
  "stealth_perfect_levels": [
    1,
    2,
    3,
    4
  ],
  "three_star_levels": [
    1,
    2,
    3,
    4
  ],
  "leaderboards": {
    "1": [
      {
        "level_num": 1,
        "completion_time": 6.253328323364258,
        "stars": 3,
        "damage_taken": 1,
        "times_spotted": 0,
        "stealth_percentage": 3.2608695652173885,
        "date_completed": 1766049718.9868193
      },
      {
        "level_num": 1,
        "completion_time": 24.93604850769043,
        "stars": 3,
        "damage_taken": 0,
        "times_spotted": 0,
        "stealth_percentage": 0.0,
        "date_completed": 1766049052.400669
      }
    ],
    "2": [
      {
        "level_num": 2,
        "completion_time": 6.152877569198608,
        "stars": 3,
        "damage_taken": 0,
        "times_spotted": 0,
        "stealth_percentage": 0.0,
        "date_completed": 1766054824.5692852
      }
    ],
    "3": [
      {
        "level_num": 3,
        "completion_time": 17.071651935577393,
        "stars": 3,
        "damage_taken": 0,
        "times_spotted": 0,
        "stealth_percentage": 0.0,
        "date_completed": 1766215198.71203
      }
    ],
    "4": [
      {
        "level_num": 4,
        "completion_time": 15.874530553817749,
        "stars": 3,
        "damage_taken": 0,
        "times_spotted": 0,
        "stealth_percentage": 0.0,
        "date_completed": 1766215264.2535186
      }
    ]
  }
}